SMILES,miRNA,label
CC(=CCC[C@@](C)([C@H]1CC[C@@]2([C@@H]1[C@@H](C[C@H]3[C@]2(CC[C@@H]4[C@@]3(CC[C@@H](C4(C)C)O[C@H]5[C@@H]([C@H]([C@@H]([C@H](O5)CO)O)O)O)C)C)O)C)O)C, TCACTCCTCTCCTCCCGTCTT,1
C1CCC(CC1)NC2=NC(=NC3=C2NC=N3)NC4=CC=C(C=C4)N5CCOCC5, TGTCTGCCCGAGTGCCTGCCTCT,1
C([C@@H]1[C@H]([C@@H]([C@H](C(O1)O)O)O)O)O,TTTTGCAATATGTTCCTGAATA,1
C[C@H](/C=C(\C)/C=C/C(=O)NO)C(=O)C1=CC=C(C=C1)N(C)C,CTCTAGAGGGAAGCGCTTTCTG,1
C1=CC(=CC=C1/C=C/C2=CC(=CC(=C2)O)O)O,TGACACCTGCCACCCAGCCCAA,0
[O-2].[O-2].[O-2].[As+3].[As+3],CTGTGCGTGTGACAGCGGCTGA,0
C1N(CN(CN1[N+](=O)[O-])[N+](=O)[O-])[N+](=O)[O-],TACAGTACTGTGATAACTGAA,1
C[C@H](/C=C(\C)/C=C/C(=O)NO)C(=O)C1=CC=C(C=C1)N(C)C,AAGCTGCCAGTTGAAGAACTGT,1
COC1=C(C=CC(=C1)/C=C/C(=O)CC(=O)/C=C/C2=CC(=C(C=C2)O)OC)O,TAATACTGCCGGGTAATGATGGA,1
C1=CC(=CC=C1/C=C/C2=CC(=CC(=C2)O)O)O,TCTTTGGTTATCTAGCTGTATGA,0
CC1=C2CCC3=C2C(=CC4=C3C=CC5=CC=CC=C54)C=C1,AGCTACATCTGGCTACTGGGT,0
C1=C2C(=CC(=C1Cl)Cl)OC3=CC(=C(C=C3O2)Cl)Cl,AGCAGCATTGTACAGGGCTATCA,0
C(C(=O)O)NCP(=O)(O)O,TCGCTTGGTGCAGATCGGGAC,0
C1=CC(=CC=C1/C=C/C2=CC(=CC(=C2)O)O)O,TGGCTCAGTTCAGCAGGAACAG,0
C[C@H](/C=C(\C)/C=C/C(=O)NO)C(=O)C1=CC=C(C=C1)N(C)C,AACATTCATTGTTGTCGGTGGGT,0
[Al],AACAGAACAGAAGCAGAGCAG,0
C[C@H](CCCC(C)(C)O)[C@H]1CC[C@@H]\2[C@@]1(CCC/C2=C\C=C/3\C[C@H](C[C@@H](C3=C)O)O)C,TGTGACTGGTTGACCAGAGGGG,1
COC1=CC=CC2=C3C(=C(C=C21)[N+](=O)[O-])C(=CC4=C3OCO4)C(=O)O,TGGCAGTGTCTTAGCTGGTTGT,1
CCO,CAGCAGCACACTGTGGTTTGT,1
CC1=CN(C(=O)NC1=O)C2CC(C(O2)COP(=O)(O)OC3CC(OC3CO)N4C=NC5=C(N=CN=C54)N)OP(=O)(O)OCC6C(CC(O6)N7C=NC8=C(N=CN=C87)N)OP(=O)(O)OC9C(CC(O9)N1C=NC2=C1NC(=NC2=O)N)O.N.[NH2-].[NH2-].[Pt+2],TTGCCATGTCTAAGAAGAA,1
CC1=CN(C(=O)NC1=O)C2CC(C(O2)COP(=O)(O)OC3CC(OC3CO)N4C=NC5=C(N=CN=C54)N)OP(=O)(O)OCC6C(CC(O6)N7C=NC8=C(N=CN=C87)N)OP(=O)(O)OC9C(CC(O9)N1C=NC2=C1NC(=NC2=O)N)O.N.[NH2-].[NH2-].[Pt+2],ATAGTGGGAAGCTGGCAGATTC,1
CC/C(=C(/CC)\C1=CC=C(C=C1)O)/C2=CC=C(C=C2)O,GCGACCCACTCTTGGTTTCCA,0
COC1=C(C=CC(=C1)/C=C/C(=O)CC(=O)/C=C/C2=CC(=C(C=C2)O)OC)O,TGGCAGTGTCTTAGCTGGTTGT,0
[Al],CTGCACTGCCTCTTCCCTGGC,0
COC1=C(C=CC(=C1)/C=C/C(=O)CC(=O)/C=C/C2=CC(=C(C=C2)O)OC)O,TGGCAGTGTCTTAGCTGGTTGT,0
C(C(C(C(C(F)(F)S(=O)(=O)O)(F)F)(F)F)(F)F)(C(C(C(F)(F)F)(F)F)(F)F)(F)F,TAGCTTATCAGACTGGTGTTGGC,0
CC(=O)NC1=CC=C(C=C1)O,TTGCATAGTCACAAAAGTGATC,1
CCN1C=C(C(=O)C2=CC(=C(N=C21)N3CCNCC3)F)C(=O)O,TCCCTGAGACCCTAACTTGTGA,1
CC(=CCC[C@@](C)([C@H]1CC[C@@]2([C@@H]1[C@@H](C[C@H]3[C@]2(CC[C@@H]4[C@@]3(CC[C@@H](C4(C)C)O[C@H]5[C@@H]([C@H]([C@@H]([C@H](O5)CO)O)O)O)C)C)O)C)O)C,CTTCCAGACGCTCCGCCCCACGTCG,1
C([C@@H]1[C@H]([C@@H]([C@H](C(O1)O)O)O)O)O,CAAAGTTTAAGATCCTTGAAGT,1
C1=CC(=C(C=C1C2=C(C(=O)C3=C(C=C(C=C3O2)O)O)O)O)O,CATACACACACACATACACAC,1
C1CCC(CC1)NC2=NC(=NC3=C2NC=N3)NC4=CC=C(C=C4)N5CCOCC5,AATGACACCACATATATGGCAGC,1
[O-2].[O-2].[O-2].[As+3].[As+3],TTGTGCTTGATCTAACCATGT,1
C1N(CN(CN1[N+](=O)[O-])[N+](=O)[O-])[N+](=O)[O-],TCTACAGTGCACGTGTCTCCAG,1
CN1CCC[C@H]1C2=CN=CC=C2,TCCCTGAGACCCTAACTTGTGA,1
CC1=C(C(CCC1)(C)C)/C=C/C(=C/C=C/C(=C/C(=O)O)/C)/C,TACCCTGTAGATCCGAATTTGTG,0
CC1=CN(C(=O)NC1=O)C2CC(C(O2)COP(=O)(O)OC3CC(OC3CO)N4C=NC5=C(N=CN=C54)N)OP(=O)(O)OCC6C(CC(O6)N7C=NC8=C(N=CN=C87)N)OP(=O)(O)OC9C(CC(O9)N1C=NC2=C1NC(=NC2=O)N)O.N.[NH2-].[NH2-].[Pt+2],CAAAGTGCTTACAGTGCAGGTAG,1
C1=COC=C1,CTATGTAACATGGTCCACTAAC,1
[Li],AGCTACATTGTCTGCTGGGTTTC,1
C[C@H](CCCC(C)C)[C@H]1CC[C@@H]\2[C@@]1(CCC/C2=C\C=C/3\C[C@H](CCC3=C)O)C,CTAGACTGAAGCTCCTTGAGG,1
C1N(CN(CN1[N+](=O)[O-])[N+](=O)[O-])[N+](=O)[O-],AAAGGCTAGGCTCACAACCAAA,0
C1=CC(=CC=C1/C=C/C2=CC(=CC(=C2)O)O)O,TCCCTGTCCTCCAGGAGCTCACG,0
C(C(=O)O)NCP(=O)(O)O,ATCAGGAGAGATGACACCGAC,0
C([C@@H]1[C@H]([C@@H]([C@H](C(O1)O)O)O)O)O,TGTGTCACTCGATGACCACTGT,1
[Al],TCCAAAGGGATCGCATTGATCT,0
C([C@@H]1[C@H]([C@@H]([C@H](C(O1)O)O)O)O)O,GAACGCGCTTCCCTATAGAGGGT,0
CC(C)C[C@H]1C(=O)N2CCC[C@H]2[C@]3(N1C(=O)[C@](O3)(C(C)C)NC(=O)[C@H]4CN([C@@H]5CC6=C(NC7=CC=CC(=C67)C5=C4)Br)C)O,TGGAATGTAAGGAAGTGTGTGG,1
C1[C@@H]([C@H](O[C@H]1N2C=NC(=NC2=O)N)CO)O,TTAATGCTAATCGTGATAGGGGTT,0
C1N(CN(CN1[N+](=O)[O-])[N+](=O)[O-])[N+](=O)[O-],TAGCACCATCTGAAATCGGTTA,0
